Title,Genre,Runtime,Language
Beasts of No Nation,War drama,"2 hours, 17 min.",English
The Ridiculous 6,Western,2 hours,English
Pee-wee's Big Holiday,Adventure,"1 hour, 30 min.",English
Special Correspondents,Satire,"1 hour, 41 min.",English
The Do-Over,Action comedy,"1 hour, 48 min.",English
The Fundamentals of Caring,Comedy-drama,"1 hour, 37 min.",English
Brahman Naman,Comedy,"1 hour, 35 min.",English
Rebirth,Thriller,"1 hour, 40 min.",English
Tallulah,Comedy-drama,"1 hour, 51 min.",English
XOXO,Drama,"1 hour, 32 min.",English
ARQ,Science fiction / Thriller,"1 hour, 28 min.",English
The Siege of Jadotville,War,"1 hour, 48 min.",English
Mascots,Mockumentary,"1 hour, 35 min.",English
I Am the Pretty Thing That Lives in the House,Horror,"1 hour, 29 min.",English
True Memoirs of an International Assassin,Action comedy,"1 hour, 38 min.",English
Mercy,Thriller,"1 hour, 27 min.",English
Spectral,Science fiction / Action,"1 hour, 48 min.",English
Barry,Biopic,"1 hour, 44 min.",English
Coin Heist,Heist,"1 hour, 37 min.",English
Clinical,Thriller,"1 hour, 44 min.",English
Take the 10,Comedy,"1 hour, 20 min.",English
iBOY,Science fiction / Thriller,"1 hour, 30 min.",English
Imperial Dreams,Drama,"1 hour, 26 min.",English
Girlfriend's Day,Comedy,"1 hour, 10 min.",English
I Don't Feel at Home in This World Anymore,Drama,"1 hour, 36 min.",English
Burning Sands,Drama,"1 hour, 42 min.",English
Deidra & Laney Rob a Train,Drama,"1 hour, 32 min.",English
The Most Hated Woman in America,Biopic,"1 hour, 32 min.",English
The Discovery,Science fiction / Drama,"1 hour, 42 min.",English
Win It All,Comedy,"1 hour, 28 min.",English
Sandy Wexler,Comedy,"2 hours, 11 min.",English
Sand Castle,War,"1 hour, 53 min.",English
Tramps,Romance,"1 hour, 23 min.",English
Small Crimes,Dark comedy,"1 hour, 35 min.",English
Handsome: A Netflix Mystery Movie,Comedy,"1 hour, 21 min.",English
BLAME!,Anime / Science fiction,"1 hour, 46 min.",Japanese
War Machine,War-Comedy,"2 hours, 2 min.",English
Shimmer Lake,Crime thriller,"1 hour, 26 min.",English
Okja,Action-adventure,"2 hours, 1 min.",English
To the Bone,Drama,"1 hour, 47 min.",English
The Incredible Jessica James,Comedy,"1 hour, 23 min.",English
Naked,Comedy,"1 hour, 36 min.",English
Death Note,Horror thriller,"1 hour, 40 min.",English
Little Evil,Comedy horror,"1 hour, 34 min.",English
#realityhigh,Comedy,"1 hour, 39 min.",English
First They Killed My Father,Drama,"2 hours, 16 min.",Khmer
Gerald's Game,Horror thriller,"1 hour, 43 min.",English
Our Souls at Night,Romance,"1 hour, 43 min.",English
Bomb Scared,Black comedy,"1 hour, 29 min.",Spanish
The Babysitter,Teen comedy horror,"1 hour, 25 min.",English
The Meyerowitz Stories (New and Selected),Comedy-drama,"1 hour, 52 min.",English
1922,Horror / Crime drama,"1 hour, 42 min.",English
Wheelman,Action thriller,"1 hour, 22 min.",English
The Killer,Western,"1 hour, 39 min.",Portuguese
A Christmas Prince,Romantic comedy,"1 hour, 32 min.",English
El Camino Christmas,Dark comedy,"1 hour, 29 min.",English
Christmas Inheritance,Romantic drama,"1 hour, 44 min.",English
Bright,Urban fantasy,"1 hour, 57 min.",English
My Own Man,Documentary,"1 hour, 21 min.",English
The Other One: The Long Strange Trip of Bob Weir,Documentary,"1 hour, 23 min.",English
Hot Girls Wanted,Documentary,"1 hour, 24 min.",English
"What Happened, Miss Simone?",Documentary,"1 hour, 24 min.",English
Tig,Documentary,"1 hour, 20 min.",English
Keith Richards: Under the Influence,Documentary,"1 hour, 21 min.",English
Winter on Fire: Ukraine's Fight for Freedom,Documentary,"1 hour, 31 min.",Ukrainian
My Beautiful Broken Brain,Documentary,"1 hour, 31 min.",English
Team Foxcatcher,Documentary,"1 hour, 30 min.",English
Tony Robbins: I Am Not Your Guru,Documentary,"1 hour, 56 min.",English
I'll Sleep When I'm Dead,Documentary,"1 hour, 19 min.",English
Extremis,Documentary,24 min.,English
The White Helmets,Documentary,40 min.,English
Audrie & Daisy,Documentary,"1 hour, 38 min.",English
Amanda Knox,Documentary,"1 hour, 32 min.",English
13th,Documentary,"1 hour, 40 min.",English
Sky Ladder: The Art of Cai Guo-Qiang,Documentary,"1 hour, 19 min.",Mandarin
Into the Inferno,Documentary,"1 hour, 47 min.",English
The Ivory Game,Documentary,"1 hour, 52 min.",English
Casting JonBenet,Documentary,"1 hour, 20 min.",English
The Mars Generation,Documentary,"1 hour, 37 min.",English
Get Me Roger Stone,Documentary,"1 hour, 41 min.",English
Laerte-se,Documentary,"1 hour, 40 min.",Portuguese
Joshua: Teenager vs. Superpower,Documentary,"1 hour, 18 min.",English
CounterPunch,Documentary,"1 hour, 31 min.",English
Nobody Speak: Trials of the Free Press,Documentary,"1 hour, 35 min.",English
Chasing Coral,Documentary,"1 hour, 29 min.",English
Icarus,Documentary,2 hours,English
Resurface,Documentary,27 min.,English
Heroin(e),Documentary,39 min.,English
Strong Island,Documentary,"1 hour, 47 min.",English
Gaga: Five Foot Two,Documentary,"1 hour, 40 min.",English
Long Shot,Documentary,40 min.,English
The Death and Life of Marsha P. Johnson,Documentary,"1 hour, 45 min.",English
Kingdom of Us,Documentary,"1 hour, 49 min.",English
One of Us,Documentary,"1 hour, 35 min.",English
Joan Didion: The Center Will Not Hold,Documentary,"1 hour, 38 min.",English
Saving Capitalism,Documentary,"1 hour, 13 min.",English
Cuba and the Cameraman,Documentary,"1 hour, 54 min.",English
Voyeur,Documentary,"1 hour, 35 min.",English
The Polka King,Comedy-drama,"1 hour, 34 min.",English
Step Sisters,Comedy,"1 hour, 48 min.",English
The Open House,Horror thriller,"1 hour, 34 min.",English
A Futile and Stupid Gesture,Biographical / Comedy,"1 hour, 41 min.",English
The Cloverfield Paradox,Science fiction,"1 hour, 42 min.",English
When We First Met,Romantic comedy,"1 hour, 37 min.",English
Love Per Square Foot,Romantic comedy,"2 hours, 13 min.",Hindi
Irreplaceable You,Drama,"1 hour, 36 min.",English
Mute,Science fiction / Mystery,"2 hours, 6 min.",English
The Outsider,Crime drama,2 hours,English
Benji,Family film,"1 hour, 27 min.",English
"Game Over, Man!",Action / Comedy,"1 hour, 41 min.",English
Paradox,Musical / Western / Fantasy,"1 hour, 13 min.",English
Roxanne Roxanne,Biopic,"1 hour, 40 min.",English
Happy Anniversary,Romantic comedy,"1 hour, 18 min.",English
First Match,Sports-drama,"1 hour, 42 min.",English
6 Balloons,Drama,"1 hour, 15 min.",English
Amateur,Sports-drama,"1 hour, 36 min.",English
Come Sunday,Biopic,"1 hour, 45 min.",English
I Am Not an Easy Man,Romantic comedy,"1 hour, 38 min.",French
Dude,Teen comedy-drama,"1 hour, 37 min.",English
Candy Jar,Comedy,"1 hour, 32 min.",English
The Week Of,Comedy,"1 hour, 56 min.",English
Sometimes,Drama,"1 hour, 41 min.",Tamil
Forgive Us Our Debts,Drama,"1 hour, 44 min.",Italian
The Kissing Booth,Romantic comedy,"1 hour, 46 min.",English
Cargo,Drama / Horror,"1 hour, 44 min.",English
Ibiza,Comedy,"1 hour, 34 min.",English
Alex Strangelove,Romantic comedy,"1 hour, 39 min.",English
Set It Up,Romantic comedy,"1 hour, 45 min.",English
Lust Stories,Drama,2 hours,Hindi
"To Each, Her Own",Romantic comedy,"1 hour, 35 min.",French
Calibre,Thriller,"1 hour, 41 min.",English
TAU,Science fiction / Thriller,"1 hour, 37 min.",English
The Legacy of a Whitetail Deer Hunter,Adventure / Comedy,"1 hour, 23 min.",English
How It Ends,Action-thriller,"1 hour, 53 min.",English
Father of the Year,Comedy,"1 hour, 34 min.",English
Extinction,Science fiction / Thriller,"1 hour, 35 min.",English
Brij Mohan Amar Rahe,Comedy,"1 hour, 40 min.",Hindi
Like Father,Comedy,"1 hour, 43 min.",English
The Package,Black comedy,"1 hour, 34 min.",English
The After Party,Comedy,"1 hour, 29 min.",English
Sierra Burgess Is a Loser,Romantic comedy-drama,"1 hour, 46 min.",English
The Most Assassinated Woman in the World,Thriller,"1 hour, 42 min.",French
On My Skin,Crime drama,"1 hour, 40 min.",Italian
The Land of Steady Habits,Drama,"1 hour, 38 min.",English
The Angel,Spy thriller,"1 hour, 54 min.",English
Nappily Ever After,Comedy-drama,"1 hour, 38 min.",English
Hold the Dark,Thriller,"2 hours, 5 min.",English
Malevolent,Horror-thriller,"1 hour, 28 min.",English
Private Life,Drama,"2 hours, 4 min.",English
22-Jul,Drama,"2 hours, 24 min.",English
Apostle,Horror-thriller,"2 hours, 10 min.",English
The Night Comes for Us,Action-thriller,2 hours,Indonesian
Been So Long,Musical,"1 hour, 40 min.",English
The Holiday Calendar,Romantic comedy,"1 hour, 35 min.",English
The Other Side of the Wind,Drama,"2 hours, 2 min.",English
Outlaw King,Historical-epic,"2 hours, 1 min.",English
The Princess Switch,Romantic comedy,"1 hour, 42 min.",English
Cam,Psychological horror,"1 hour, 34 min.",English
The Ballad of Buster Scruggs,Western,"2 hours, 13 min.",English
The Christmas Chronicles,Christmas / Fantasy / Adventure / Comedy,"1 hour, 45 min.",English
A Christmas Prince: The Royal Wedding,Romantic comedy,"1 hour, 33 min.",English
Rajma Chawal,Comedy-drama,"1 hour, 58 min.",Hindi
5 Star Christmas,Comedy,"1 hour, 35 min.",Italian
Mowgli: Legend of the Jungle,Adventure,"1 hour, 44 min.",English
ROMA,Drama,"2 hours, 14 min.",Spanish
Bird Box,Psychological thriller,"2 hours, 4 min.",English
Seeing Allred,Documentary,"1 hour, 35 min.",English
The Trader,Documentary,23 min.,Georgian
Ladies First,Documentary,39 min.,Hindi
Take Your Pills,Documentary,"1 hour, 27 min.",English
"Ram Dass, Going Home",Documentary,31 min.,English
Mercury 13,Documentary,"1 hour, 19 min.",English
The Rachel Divide,Documentary,"1 hour, 44 min.",English
End Game,Documentary,40 min.,English
Recovery Boys,Documentary,"1 hour, 29 min.",English
The Bleeding Edge,Documentary,"1 hour, 40 min.",English
Zion,Documentary,11 min.,English
City of Joy,Documentary,"1 hour, 16 min.",English
Reversing Roe,Documentary,"1 hour, 39 min.",English
Quincy,Documentary,"2 hours, 4 min.",English
Two Catalonias,Documentary,"1 hour, 56 min.",Spanish
Lessons from a School Shooting: Notes from Dunblane,Documentary,23 min.,English
Feminists: What Were They Thinking?,Documentary,"1 hour, 26 min.",English
ReMastered: Who Shot the Sheriff?,Documentary,57 min.,English
Shirkers,Documentary,"1 hour, 37 min.",English
They'll Love Me When I'm Dead,Documentary,"1 hour, 38 min.",English
ReMastered: Tricky Dick & the Man in Black,Documentary,58 min.,English
The American Meme,Documentary,"1 hour, 38 min.",English
ReMastered: Who Killed Jam Master Jay?,Documentary,58 min.,English
"Out of Many, One",Documentary,34 min.,English
Struggle: The Life and Lost Art of Szukalski,Documentary,"1 hour, 45 min.",English
Lionheart,Comedy,"1 hour, 34 min.",English
The Last Laugh,Comedy-drama,"1 hour, 38 min.",English
IO,Science fiction / Drama,"1 hour, 36 min.",English
Soni,Crime drama,"1 hour, 37 min.",Hindi
Polar,Action,"1 hour, 58 min.",English
Velvet Buzzsaw,Thriller,"1 hour, 52 min.",English
High Flying Bird,Sports-drama,"1 hour, 30 min.",English
Firebrand,Drama,"1 hour, 56 min.",Marathi
Paris Is Us,Romance drama,"1 hour, 24 min.",French
Paddleton,Drama-Comedy,"1 hour, 29 min.",English
Walk. Ride. Rodeo.,Drama,"1 hour, 39 min.",English
Juanita,Drama,"1 hour, 30 min.",English
Triple Frontier,Action-thriller,"2 hours, 5 min.",English
The Dirt,Biopic,"1 hour, 48 min.",English
The Highwaymen,Crime drama,"2 hours, 12 min.",English
15-Aug,Comedy-drama,"2 hours, 4 min.",Marathi
Unicorn Store,Comedy,"1 hour, 31 min.",English
Who Would You Take to a Deserted Island?,Drama,"1 hour, 33 min.",Spanish
The Perfect Date,Romantic comedy,"1 hour, 30 min.",English
Someone Great,Romantic comedy,"1 hour, 32 min.",English
Music Teacher,Drama,"1 hour, 41 min.",Hindi
Despite Everything,Comedy,"1 hour, 18 min.",Spanish
The Last Summer,Romantic comedy,"1 hour, 49 min.",English
Wine Country,Comedy,"1 hour, 43 min.",English
Good Sam,Drama,"1 hour, 30 min.",English
See You Yesterday,Science fiction,"1 hour, 27 min.",English
Rim of the World,Science fiction adventure,"1 hour, 39 min.",English
The Perfection,Horror-thriller,"1 hour, 30 min.",English
Always Be My Maybe,Romantic comedy,"1 hour, 42 min.",English
Chopsticks,Comedy,"1 hour, 40 min.",Hindi
Elisa & Marcela,Romance,"1 hour, 58 min.",Spanish
Murder Mystery,Comedy mystery,"1 hour, 37 min.",English
Beats,Drama,"1 hour, 50 min.",English
Point Blank,Action,"1 hour, 26 min.",English
Secret Obsession,Thriller,"1 hour, 37 min.",English
The Red Sea Diving Resort,Spy thriller,"2 hours, 10 min.",English
Otherhood,Comedy,"1 hour, 40 min.",English
Jaoon Kahan Bata Ae Dil,Drama,"1 hour, 46 min.",Hindi
Sextuplets,Comedy,"1 hour, 39 min.",English
Falling Inn Love,Romantic comedy,"1 hour, 38 min.",English
Back to School,Comedy,"1 hour, 23 min.",French
Tall Girl,Comedy-drama,"1 hour, 42 min.",English
Between Two Ferns: The Movie,Comedy,"1 hour, 22 min.",English
In the Shadow of the Moon,Thriller,"1 hour, 55 min.",English
In the Tall Grass,Horror,"1 hour, 41 min.",English
El Camino: A Breaking Bad Movie,Crime drama,"2 hours, 2 min.",English
Fractured,Thriller,"1 hour, 40 min.",English
The Forest of Love,Drama,"2 hours, 31 min.",Japanese
Street Flow,Drama,"1 hour, 36 min.",French
Eli,Horror,"1 hour, 38 min.",English
Seventeen,Coming-of-age comedy-drama,"1 hour, 39 min.",Spanish
The Laundromat,Comedy-drama,"1 hour, 36 min.",English
Upstarts,Drama,"1 hour, 52 min.",Hindi
Dolemite Is My Name,Biopic,"1 hour, 58 min.",English
Rattlesnake,Horror,"1 hour, 25 min.",English
The King,Historical drama,"2 hours, 20 min.",English
American Son,Drama,"1 hour, 30 min.",English
Drive,Action,"1 hours, 59 min.",Hindi
Holiday in the Wild,Adventure-romance,"1 hour, 26 min.",English
Let It Snow,Romantic comedy,"1 hour, 33 min.",English
Earthquake Bird,Mystery,"1 hour, 46 min.",English
House Arrest,Comedy,"1 hour, 44 min.",Hindi
Klaus,Animation / Christmas / Comedy / Adventure,"1 hour, 38 min.",English
The Knight Before Christmas,Romantic comedy,"1 hour, 32 min.",English
The Irishman,Crime drama,"3 hours, 29 min.",English
Holiday Rush,Family film,"1 hour, 34 min.",English
Dead Kids,Thriller,"1 hour, 34 min.",Filipino
A Christmas Prince: The Royal Baby,Romantic comedy,"1 hour, 25 min.",English
Marriage Story,Drama,"2 hours, 16 min.",English
6 Underground,Action,"2 hours, 8 min.",English
The Two Popes,Drama,"2 hours, 5 min.",English
The App,Science fiction / Drama,"1 hour, 19 min.",Italian
ReMastered: Massacre at the Stadium,Documentary,"1 hour, 4 min.",English
Fyre: The Greatest Party That Never Happened,Documentary,"1 hour, 37 min.",English
ReMastered: The Two Killings of Sam Cooke,Documentary,"1 hour, 4 min.",English
Period. End of Sentence.,Documentary,26 min.,Hindi
Antoine Griezmann: The Making of a Legend,Documentary,1 hour,French
ReMastered: The Miami Showband Massacre,Documentary,"1 hour, 10 min.",English
The Legend of Cocaine Island,Documentary,"1 hour, 27 min.",English
Grass Is Greener,Documentary,"1 hour, 37 min.",English
ReMastered: Devil at the Crossroads,Documentary,48 min.,English
Knock Down the House,Documentary,"1 hour, 27 min.",English
All in My Family,Documentary,39 min.,English
ReMastered: The Lion's Share,Documentary,"1 hour, 24 min.",English
A Tale of Two Kitchens,Documentary,30 min.,Spanish
After Maria,Documentary,37 min.,Spanish
The Black Godfather,Documentary,"1 hour, 58 min.",English
Rolling Thunder Revue: A Bob Dylan Story by Martin Scorsese,Documentary,"2 hours, 22 min.",English
Life Overtakes Me,Documentary,40 min.,English
The Edge of Democracy,Documentary,"2 hours, 1 min.",Portuguese
Parchis: The Documentary,Documentary,"1 hour, 46 min.",Spanish
The Great Hack,Documentary,"1 hour, 54 min.",English
Enter the Anime,Documentary,58 min.,English
American Factory,Documentary,"1 hour, 50 min.",English
Travis Scott: Look Mom I Can Fly,Documentary,"1 hour, 25 min.",English
Evelyn,Documentary,"1 hour, 36 min.",English
"Hello, Privilege. It's Me, Chelsea",Documentary,"1 hour, 4 min.",English
Los Tigres del Norte at Folsom Prison,Documentary,"1 hour, 4 min.",Spanish
Birders,Documentary,37 min.,Spanish
Ghosts of Sugar Land,Documentary,21 min.,English
Tell Me Who I Am,Documentary,"1 hour, 25 min.",English
Dancing with the Birds,Documentary,51 min.,English
It Takes a Lunatic,Documentary,"2 hours, 6 min.",English
A 3 Minute Hug,Documentary,28 min.,Spanish
Little Miss Sumo,Documentary,19 min.,Japanese
Fire in Paradise,Documentary,39 min.,English
"Bikram: Yogi, Guru, Predator",Documentary,"1 hour, 26 min.",English
"Lorena, Light-Footed Woman",Documentary,28 min.,Spanish
After the Raid,Documentary,25 min.,Spanish
El Pepe: A Supreme Life,Documentary,"1 hour, 13 min.",Spanish
Ghost Stories,Horror anthology,"2 hours, 24 min.",Hindi
A Fall from Grace,Thriller,2 hours,English
Airplane Mode,Comedy,"1 hour, 36 min.",Portuguese
Horse Girl,Drama,"1 hour, 44 min.",English
To All the Boys: P.S. I Still Love You,Romantic comedy,"1 hour, 42 min.",English
Isi & Ossi,Romantic comedy,"1 hour, 53 min.",German
The Last Thing He Wanted,Political thriller,"1 hour, 55 min.",English
Yeh Ballet,Drama,"1 hour, 57 min.",Hindi
All The Bright Places,Romance,"1 hour, 48 min.",English
Guilty,Thriller,"1 hour, 59 min.",Hindi
Spenser Confidential,Action comedy,"1 hour, 51 min.",English
Lost Girls,Crime drama,"1 hour, 35 min.",English
Ultras,Sports film,"1 hour, 49 min.",Italian
Masameer - The Movie,Animation / Comedy / Adventure / Drama,"1 hour, 39 min.",Arabic
The Occupant,Thriller,"1 hour, 43 min.",Spanish
Maska,Romantic comedy,"1 hour, 51 min.",Hindi
The Decline,Thriller,"1 hour, 23 min.",French
Uncorked,Drama,"1 hour, 44 min.",English
Coffee & Kareem,Action comedy,"1 hour, 28 min.",English
The Main Event,Comedy,"1 hour, 43 min.",English
Love Wedding Repeat,Romantic comedy,"1 hour, 40 min.",English
Tigertail,Drama,"1 hour, 31 min.",English
Earth and Blood,Action,"1 hour, 20 min.",French
Rising High,Satire,"1 hour, 34 min.",German
Sergio,Biopic,"1 hour, 58 min.",English
The Willoughbys,Animation / Comedy / Adventure,"1 hour, 32 min.",English
Time to Hunt,Thriller,"2 hours, 15 min.",Korean
Extraction,Action,"1 hour, 57 min.",English
Dangerous Lies,Thriller,"1 hour, 37 min.",English
Rich in Love,Romantic comedy,"1 hour, 45 min.",Portuguese
All Day and a Night,Drama,"2 hours, 1 min.",English
Mrs. Serial Killer,Thriller,"1 hour, 47 min.",Hindi
The Half Of It,Romance,"1 hour, 45 min.",English
The Wrong Missy,Comedy,"1 hour, 30 min.",English
The Lovebirds,Romantic comedy,"1 hour, 27 min.",English
I'm No Longer Here,Drama,"1 hour, 52 min.",Spanish
Intuition,Thriller,"1 hour, 56 min.",Spanish
Choked: Paisa Bolta Hai,Drama,"1 hour, 54 min.",Hindi
The Last Days of American Crime,Heist film / Thriller,"2 hours, 29 min.",English
Da 5 Bloods,War drama,"2 hours, 35 min.",English
A Whisker Away,Anime / Fantasy,"1 hour, 45 min.",Japanese
Feel the Beat,Family / Comedy-drama,"1 hour, 49 min.",English
Lost Bullet,Thriller,"1 hour, 33 min.",French
One-Way to Tomorrow,Romance,"1 hour, 30 min.",Turkish
Bulbbul,Horror,"1 hour, 34 min.",Hindi
Nobody Knows I'm Here,Drama,"1 hour, 31 min.",Spanish
Eurovision Song Contest: The Story of Fire Saga,Musical comedy,"2 hours, 3 min.",English
Under the Riccione Sun,Romantic teenage drama,"1 hour, 42 min.",Italian
Desperados,Romantic comedy,"1 hour, 46 min.",English
The Old Guard,Superhero / Action,"2 hours, 5 min.",English
The Players,Comedy,"1 hour, 28 min.",Italian
Fatal Affair,Thriller,"1 hour, 29 min.",English
The Larva Island Movie,Animation,"1 hour, 31 min.",English
Offering to the Storm,Thriller,"2 hours, 19 min.",Spanish
The Kissing Booth 2,Romantic comedy,"2 hours, 12 min.",English
Seriously Single,Comedy,"1 hour, 47 min.",English
Raat Akeli Hai,Thriller,"2 hours, 29 min.",Hindi
Work It,Dance comedy,"1 hour, 33 min.",English
Gunjan Saxena: The Kargil Girl,Drama,"1 hour, 52 min.",Hindi
Project Power,Superhero,"1 hour, 53 min.",English
Fearless,Animation / Superhero,"1 hour, 31 min.",English
Crazy Awesome Teachers,Comedy-drama,"1 hour, 41 min.",Indonesian
The Crimes That Bind,Crime drama,"1 hour, 39 min.",Spanish
The Sleepover,Comedy,"1 hour, 43 min.",English
Class of '83,Drama,"1 hour, 38 min.",Hindi
Dark Forces,Thriller,"1 hour, 21 min.",Spanish
All Together Now,Drama,"1 hour, 33 min.",English
Unknown Origins,Thriller,"1 hour, 36 min.",Spanish
"Love, Guaranteed",Romantic comedy,"1 hour, 31 min.",English
I'm Thinking of Ending Things,Psychological thriller,"2 hours, 14 min.",English
The Babysitter: Killer Queen,Comedy / Horror,"1 hour, 42 min.",English
Dad Wanted,Family,"1 hour, 43 min.",Spanish
The Devil All The Time,Psychological thriller,"2 hours, 18 min.",English
The Paramedic,Thriller,"1 hours, 34 min.",Spanish
Dolly Kitty Aur Woh Chamakte Sitare,Drama,2 hours,Hindi
Whipped,Romantic comedy,"1 hour, 37 min.",Indonesian
The Boys in the Band,Drama,"2 hours, 2 min.",English
Serious Men,Drama,"1 hour, 54 min.",Hindi
The Binding,Drama,"1 hour, 33 min.",Italian
Vampires vs. the Bronx,Horror comedy,"1 hour, 25 min.",English
You've Got This,Romantic comedy,"1 hour, 51 min.",Spanish
Hubie Halloween,Comedy,"1 hour, 43 min.",English
Ginny Weds Sunny,Romantic comedy,"2 hours, 5 min.",Hindi
The Forty-Year-Old Version,Comedy,"2 hours, 4 min.",English
A Babysitter's Guide to Monster Hunting,Comedy / Fantasy / Family,"1 hour, 38 min.",English
Love Like the Falling Rain,Drama,"1 hour, 26 min.",Indonesian
The Trial of the Chicago 7,Drama,"2 hours, 10 min.",English
Rebecca,Romantic thriller,"2 hours, 3 min.",English
Cadaver,Horror,"1 hour, 26 min.",Norwegian
Over the Moon,Animation / Musical / Adventure,"1 hour, 40 min.",English
Holidate,Romantic comedy / Christmas,"1 hour, 44 min.",English
Nobody Sleeps in the Woods Tonight,Horror,"1 hour, 43 min.",Polish
His House,Thriller,"1 hour, 33 min.",English
Kaali Khuhi,Mystery,"1 hour, 30 min.",Hindi
Rogue City,Crime drama,"1 hour, 56 min.",French
The Day of the Lord,Drama,"1 hour, 33 min.",Spanish
Operation Christmas Drop,Romantic comedy,"1 hour, 36 min.",English
Citation,Drama,"2 hours, 31 min.",English
What We Wanted,Drama,"1 hour, 33 min.",German
Ludo,Anthology / Dark comedy,"2 hours, 30 min.",Hindi
Jingle Jangle: A Christmas Journey,Family / Christmas musical,"1 hour, 59 min.",English
The Life Ahead,Drama,"1 hour, 35 min.",Italian
The Princess Switch: Switched Again,Romantic comedy,"1 hour, 37 min.",English
Christmas on the Square,Christmas musical,"1 hour, 38 min.",English
Hillbilly Elegy,Drama,"1 hour, 57 min.",English
Notes for My Son,Drama,"1 hour, 23 min.",Spanish
The Christmas Chronicles: Part Two,Christmas comedy,"1 hour, 55 min.",English
The Beast,Drama,"1 hour, 39 min.",Italian
The Call,Drama,"1 hour, 52 min.",Korean
Finding Agnes,Drama,"1 hour, 45 min.",Filipino
Just Another Christmas,Comedy,"1 hour, 41 min.",Portuguese
Christmas Crossfire,Thriller,"1 hour, 46 min.",German
Leyla Everlasting,Comedy,"1 hour, 52 min.",Turkish
MANK,Biopic,"2 hours, 12 min.",English
The Claus Family,Fantasy,"1 hour, 37 min.",Dutch
Rose Island,Comedy,"1 hour, 58 min.",Italian
The Prom,Musical,"2 hours, 12 min.",English
A California Christmas,Romantic comedy,"1 hour, 47 min.",English
Ma Rainey's Black Bottom,Drama,"1 hour, 34 min.",English
The Midnight Sky,Science fiction,"1 hour, 58 min.",English
AK vs AK,Thriller,"1 hour, 49 min.",Hindi
We Can Be Heroes,Superhero,"1 hour, 40 min.",English
Miss Americana,Documentary,"1 hour, 25 min.",English
Tread,Documentary,"1 hour, 29 min.",English
A Life of Speed: The Juan Manuel Fangio Story,Documentary,"1 hour, 32 min.",Spanish
Crip Camp: A Disability Revolution,Documentary,"1 hour, 48 min.",English
LA Originals,Documentary,"1 hour, 32 min.",English
Circus of Books,Documentary,"1 hour, 26 min.",English
A Secret Love,Documentary,"1 hour, 22 min.",English
Murder to Mercy: The Cyntoia Brown Story,Documentary,"1 hour, 37 min.",English
Becoming,Documentary,"1 hour, 29 min.",English
Have a Good Trip: Adventures in Psychedelics,Documentary,"1 hour, 25 min.",English
Spelling the Dream,Documentary,"1 hour, 23 min.",English
One Take,Documentary,"1 hour, 25 min.",Thai
Disclosure: Trans Lives on Screen,Documentary,"1 hour, 47 min.",English
Athlete A,Documentary,"1 hour, 44 min.",English
Mucho Mucho Amor: The Legend of Walter Mercado,Documentary,"1 hour, 36 min.",English
The Claudia Kishi Club,Documentary,17 min.,English
We Are One,Documentary,"1 hour, 26 min.",French
Father Soldier Son,Documentary,"1 hour, 40 min.",English
The Speed Cubers,Documentary,40 min.,English
Anelka: Misunderstood,Documentary,"1 hour, 34 min.",French
John Was Trying to Contact Aliens,Documentary,16 min.,English
Rising Phoenix,Documentary,"1 hour, 46 min.",English
My Octopus Teacher,Documentary,"1 hour, 25 min.",English
The Social Dilemma,Documentary,"1 hour, 34 min.",English
Hope Frozen: A Quest to Live Twice,Documentary,"1 hour, 20 min.",Thai
GIMS: On the Record,Documentary,"1 hour, 36 min.",French
A Love Song for Latasha,Documentary,19 min.,English
American Murder: The Family Next Door,Documentary,"1 hour, 22 min.",English
Dick Johnson Is Dead,Documentary,"1 hour, 30 min.",English
David Attenborough: A Life on Our Planet,Documentary,"1 hour, 23 min.",English
Bigflo & Oli: Hip Hop Frenzy,Documentary,"1 hour, 40 min.",French
Blackpink: Light Up the Sky,Documentary,"1 hour, 19 min.",Korean
The Three Deaths of Marisela Escobedo,Documentary,"1 hour, 49 min.",Spanish
Rooting for Roona,Documentary,41 min.,Bengali
Guillermo Vilas: Settling the Score,Documentary,"1 hour, 34 min.",Spanish
Secrets of the Saqqara Tomb,Documentary,"1 hour, 54 min.",English
Shawn Mendes: In Wonder,Documentary,"1 hour, 23 min.",English
Dance Dreams: Hot Chocolate Nutcracker,Documentary,"1 hour, 20 min..",English
Giving Voice,Documentary,"1 hour, 30 min.",English
What Happened to Mr. Cha?,Comedy,1 h 42 min,Korean
Pieces of a Woman,Drama,2 h 6 min,English
Stuck Apart,Drama,1 h 36 min,Turkish
Double Dad,Comedy-drama,1 h 45 min,Portuguese
Outside the Wire,Action / science fiction,1 h 55 min,English
Tribhanga - Tedhi Medhi Crazy,Drama,1 h 35 min,Hindi
The White Tiger,Drama,2 h 5 min,English
June & Kopi,Drama,1 h 30 min,Indonesian
The Dig,Drama,1 h 52 min,English
Below Zero,Drama,1 h 46 min,Spanish
The Last Paradiso,Romantic drama,1 h 47 min,Italian
Malcolm & Marie,Romantic drama,1 h 46 min,English
Space Sweepers,Science fiction,2 h 16 min,Korean
The Misadventures of Hedi and Cokeman,Comedy,1 h 39 min,French
Red Dot,Thriller,1 h 26 min,Swedish
Squared Love,Romantic comedy,1 h 42 min,Polish
To All The Boys: Always And Forever,Romantic comedy,1 h 55 min,English
Geez & Ann,Romantic drama,1 h 45 min,Indonesian
Crazy About Her,Romantic comedy,1 h 42 min,Spanish
The Girl on the Train,Thriller,2 h,Hindi
Moxie,Drama,1 h 51 min,English
Sentinelle,Action,1 h 20 min,French
Yes Day,Comedy,1 h 29 min,English
Paper Lives,Drama,1 h 37 min,Turkish
Get the Goat,Comedy,1 h 38 min,Portuguese
Caught by a Wave,Romantic teen drama,1 h 39 min,Italian
A Week Away,Christian musical,1 h 37 min,English
Bad Trip,Hidden-camera prank comedy,1 h 26 min,English
Pagglait,Comedy-drama,1 h 54 min,Hindi
Tersanjung the Movie,Drama,1 h 54 min,Indonesian
Concrete Cowboy,Drama,1 h 51 min,English
Just Say Yes,Romantic comedy,1 h 37 min,Dutch
Madame Claude,Drama,1 h 52 min,French
Have You Ever Seen Fireflies?,Comedy,1 h 54 min,Turkish
Night in Paradise,Drama,2 h 12 min,Korean
Thunder Force,Superhero comedy,1 h 47 min,English
Prime Time,Thriller,1 h 32 min,Polish
Ride or Die,Psychological thriller drama,2 h 22 min,Japanese
Ajeeb Daastaans,Drama,2 h 22 min,Hindi
Arlo the Alligator Boy,Animated musical comedy,1 h 32 min,English
Get the Grift,Comedy,1 h 35 min,Portuguese
Things Heard & Seen,Horror,2 h 1 min,English
The Disciple,Drama,2 h 8 min,Marathi
Milestone,Drama,1 h 37 min,Hindi
Monster,Drama,1 h 39 min,English
Oxygen,Science fiction thriller,1 h 41 min,French
Ferry,Crime drama,1 h 47 min,Dutch
I Am All Girls,Thriller,1 h 47 min,English
The Woman in the Window,Psychological thriller,1 h 41 min,English
Sardar Ka Grandson,Comedy,2 h 19 min,Hindi
Army of the Dead,Zombie/heist,2 h 28 min,English
Baggio: The Divine Ponytail,Biopic,1 h 32 min,Italian
Ghost Lab,Horror,1 h 57 min,Thai
Blue Miracle,Drama,1 h 36 min,English
Carnaval,Comedy,1 h 35 min,Portuguese
Dancing Queens,Drama,1 h 51 min,Swedish
Sweet & Sour,Romantic drama,1 h 42 min,Korean
Trippin' with the Kandasamys,Comedy,1 h 33 min,English
Xtreme,Action,1 h 52 min,Spanish
Awake,Science fiction thriller,1 h 37 min,English
Tragic Jungle,Drama,1 h 36 min,Spanish
Skater Girl,Coming-of-age sports drama,1 h 49 min,Hindi
Ali & Ratu Ratu Queens,Comedy-drama,1 h 40 min,Indonesian
Jagame Thandhiram,Action thriller,2 h 38 min,Tamil
Good on Paper,Comedy,1 h 34 min,English
America: The Motion Picture,Animation / comedy / historical fiction,1 h 38 min,English
Fear Street Part 1: 1994,Teen horror / slasher,1 h 47 min,English
The 8th Night,Thriller film,1 h 55 min,Korean
Haseen Dillruba,Romantic thriller,2 h 15 min,Hindi
Fear Street Part 2: 1978,Teen horror / slasher,1 h 50 min,English
Last Summer,Romantic drama,1 h 41 min,Turkish
A Classic Horror Story,Horror,1 h 35 min,Italian
A Perfect Fit,Romantic comedy / drama,1 h 52 min,Indonesian
My Amanda,Romance,1 h 29 min,Filipino
Deep,Science fiction,1 h 41 min,Thai
Fear Street Part 3: 1666,Supernatural horror,1 h 54 min,English
Trollhunters: Rise of the Titans,Animated fantasy,1 h 46 min,English
Blood Red Sky,Thriller,2 h 3 min,German
Bankrolled,Comedy,1 h 37 min,Spanish
Bartkowiak,Action,1 h 31 min,Polish
Resort to Love,Romantic comedy,1 h 41 min,English
The Last Mercenary,Action comedy,1 h 52 min,French
The Kissing Booth 3,Comedy-drama,1 h 53 min,English
Beckett,Action thriller,1 h 50 min,English
Black Island,Thriller,1 h 44 min,German
The Secret Diary of an Exchange Student,Romantic comedy,1 h 36 min,Portuguese
Sweet Girl,Action,1 h 50 min,English
The Loud House Movie,Animation/comedy,1 h 27 min,English
He's All That,Teen romantic comedy,1 h 31 min,English
Afterlife of the Party,Comedy,1 h 49 min,English
JJ+E,Romance,1 h 31 min,Swedish
Kate,Action thriller,1 h 46 min,English
Prey,Thriller,1 h 27 min,German
Nightbooks,Fantasy/horror,1 h 40 min,English
Ankahi Kahaniya,Anthology film,1 h 50 min,Hindi
Confessions of an Invisible Girl,Drama,1 h 31 min,Portuguese
Intrusion,Thriller,1 h 33 min,English
The Starling,Comedy-drama,1 h 44 min,English
Friendzone,Romantic comedy,1 h 28 min,French
No One Gets Out Alive,Horror,1 h 25 min,English
Sounds Like Love,Romantic comedy,1 h 50 min,Spanish
Diana: The Musical,Musical,1 h 57 min,English
Forever Rich,Thriller,1 h 30 min,Dutch
Swallow,Drama,2 h 8 min,English
The Guilty,Thriller,1 h 31 min,English
There's Someone Inside Your House,Slasher,1 h 36 min,English
Grudge,Thriller,1 h 46 min,Turkish
"My Brother, My Sister",Drama,1 h 50 min,Italian
Bright: Samurai Soul,Anime/fantasy,1 h 20 min,Japanese
Fever Dream,Drama,1 h 33 min,Spanish
Operation Hyacinth,Drama,1 h 52 min,Polish
A World Without,Science fiction / teen drama,1 h 47 min,Indonesian
The Four of Us,Comedy,1 h 28 min,German
Night Teeth,Thriller,1 h 48 min,English
Stuck Together,Comedy,2 h 6 min,French
Little Big Mouth,Romantic comedy,1 h 34 min,English
Hypnotic,Thriller,1 h 29 min,English
Nobody Sleeps in the Woods Tonight Part 2,Horror,1 h 37 min,Polish
Army of Thieves,Romantic comedy / heist,2 h 9 min,English
The Harder They Fall,Western,2 h 19 min,English
Love Hard,Romantic comedy,1 h 46 min,English
Meenakshi Sundareshwar,Romantic comedy,2 h 21 min,Hindi
We Couldn't Become Adults,Drama,2 h 4 min,Japanese
Yara,Drama,1 h 36 min,Italian
Father Christmas Is Back,Comedy,1 h 45 min,English
Happiness Ever After,Romantic drama,1 h 39 min,English
Passing,Drama,1 h 39 min,English
7 Prisoners,Drama,1 h 34 min,Portuguese
Red Notice,Action comedy,1 h 57 min,English
Just Short of Perfect,Romantic comedy,1 h 34 min,Portuguese
The Princess Switch 3: Romancing the Star,Romantic comedy,1 h 46 min,English
Dhamaka,Action thriller,1 h 44 min,Hindi
Love Me Instead,Drama,2 h 4 min,Turkish
"Tick, Tick... Boom!",Musical,1 h 55 min,English
The Minimalists: Less Is Now,Documentary,53 min,English
Tony Parker: The Final Shot,Documentary,1 h 38 min,French
"Crack: Cocaine, Corruption & Conspiracy",Documentary,1 h 29 min,English
What Would Sophia Loren Do?,Documentary,32 min,English
"Strip Down, Rise Up",Documentary,1 h 52 min,English
Biggie: I Got a Story to Tell,Documentary,1 h 37 min,English
Operation Varsity Blues: The College Admissions Scandal,Documentary,1 h 39 min,English
Seaspiracy,Documentary,1 h 29 min,English
Dolly Parton: A MusiCares Tribute,Documentary,55 min,English
Why Did You Kill Me?,Documentary,1 h 23 min,English
Chadwick Boseman: Portrait of an Artist,Documentary,21 min,English
Searching for Sheela,Documentary,58 min,English
Nail Bomber: Manhunt,Documentary,1 h 12 min,English
Breaking Boundaries: The Science of Our Planet,Documentary,1 h 13 min,English
Kitty Love: An Homage to Cats,Documentary,1 h,Dutch
Murder by the Coast,Documentary,1 h 28 min,Spanish
Sisters on Track,Documentary,1 h 36 min,English
Audible,Documentary,38 min,English
Private Network: Who Killed Manuel Buendia?,Documentary,1 h 40 min,Spanish
Pray Away,Documentary,1 h 41 min,English
Shiny_Flakes: The Teenage Drug Lord,Documentary,1 h 36 min,German
Untold: Malice at the Palace,Documentary,1 h 9 min,English
Untold: Deal with the Devil,Documentary,1 h 17 min,English
Memories of a Murderer: The Nilsen Tapes,Documentary,1 h 25 min,English
Untold: Caitlyn Jenner,Documentary,1 h 9 min,English
"Bob Ross: Happy Accidents, Betrayal & Greed",Documentary,1 h 33 min,English
Untold: Crimes & Penalties,Documentary,1 h 26 min,English
Untold: Breaking Point,Documentary,1 h 19 min,English
Blood Brothers: Malcolm X & Muhammad Ali,Documentary,1 h 36 min,English
The Women and the Murderer,Documentary,1 h 32 min,French
Schumacher,Documentary,1 h 52 min,English
My Heroes Were Cowboys,Documentary,23 min,English
Britney vs Spears,Documentary,1 h 33 min,English
Convergence: Courage in a Crisis,Documentary,1 h 53 min,English
Making Malinche: A Documentary by Nacho Cano,Documentary,1 h 29 min,Spanish
Found,Documentary,1 h 38 min,English
Lords of Scam,Documentary,1 h 45 min,French
A Cop Movie,Documentary,1 h 47 min,Spanish
Procession,Documentary,1 h 58 min,English
